Unnamed: 0,Label,left_elbow_angle,right_elbow_angle,left_shoulder_angle,right_shoulder_angle,left_knee_angle,right_knee_angle,angle_for_ardhaChandrasana1,angle_for_ardhaChandrasana2,hand_angle,left_hip_angle,right_hip_angle,neck_angle_uk,left_wrist_angle_bk,right_wrist_angle_bk,label
0,TRAIN/ArdhaChandrasana/Images/1.jpg,172.49960436827016,187.4855587232852,94.15630391284408,106.50805907711975,179.45025914393435,187.0215726410952,260.4919269291754,90.09366094288798,180.21674140498368,177.52600100755575,283.0229121306972,287.34211397483523,137.3114645082431,322.8068137449493,ArdhaChandrasana
0,TRAIN/ArdhaChandrasana/Images/2.jpg,178.72003634825165,196.7087582285641,117.20817651835785,72.17649440462463,169.4677837601171,182.0779415069481,267.7039650629044,105.6124947381308,165.55401168309984,68.38831404220038,173.16264840765328,326.7871683875077,31.961928341608974,224.16349478074585,ArdhaChandrasana
0,TRAIN/ArdhaChandrasana/Images/3.jpg,175.66207380885425,183.51722117943868,77.65846328076586,111.88198605104478,177.9163924626816,190.8915248651032,257.1444038266168,91.44792624598918,176.24177089227413,187.5124585987324,289.5999035215051,293.2781862415827,135.47985293061322,329.1480136390725,ArdhaChandrasana
0,TRAIN/ArdhaChandrasana/Images/4.png,164.4121872386372,197.50968542820556,71.33409656762798,112.2538390644768,182.9376087853103,189.31105655851064,247.54544450199268,103.59818220284234,172.92765300627426,170.5004921969057,288.74979607242494,306.0071299118511,119.722993373346,323.7884367443894,ArdhaChandrasana
0,TRAIN/ArdhaChandrasana/Images/5.jpeg,162.91691305263723,187.2531946127253,79.83583036415489,107.95077066244106,177.37187454242377,190.0024631656493,241.85363753746907,107.23773780630366,175.2363583092738,167.04182096610307,284.3485262291347,292.98871680208066,123.1610945441446,323.8135398982976,ArdhaChandrasana
0,TRAIN/ArdhaChandrasana/Images/v1.jpeg,166.20536380878588,196.8086916262069,122.8113667980681,74.67209398122263,184.13918925572625,182.8291758376303,253.6157295586867,116.767274635827,172.81946450227983,63.027156566356254,189.0422140350965,339.2531230976532,40.040551310491615,239.7361176948798,ArdhaChandrasana
0,TRAIN/ArdhaChandrasana/Images/v10.jpeg,158.81600827422238,190.49456689959132,78.39217187658716,98.2870766997938,184.51398845800128,181.6252573445313,262.0164144646826,87.26939702666336,167.79391706661954,185.49232455712743,290.2615068003689,297.5375713112139,140.9351712309518,331.1744469117808,ArdhaChandrasana
0,TRAIN/ArdhaChandrasana/Images/v11.jpeg,160.02875104819424,187.3452777511641,145.15486743571702,92.33298230196982,176.7801588674266,180.3965042551331,256.7072938299185,110.09938787932596,207.34987578006988,98.32009239991416,203.16293664176425,306.869897645844,85.31037492732794,244.5556669204568,ArdhaChandrasana
0,TRAIN/ArdhaChandrasana/Images/v12.jpeg,166.9688425373277,188.7073702715204,103.32453126189074,89.58977469831648,194.70475871978476,183.98591869646253,263.94127943965634,104.4440357244922,171.2926297284796,59.018242909450834,180.35367315924648,288.6049654738023,26.965714432870133,228.20386530431065,ArdhaChandrasana
0,TRAIN/ArdhaChandrasana/Images/v13.jpeg,172.23483398157467,187.1820757206478,79.94422393893613,117.63493844880898,178.88048103372412,180.09987633029502,245.6922106377971,105.339156187749,184.28589385876649,168.5836490385587,288.850462904752,315.0,123.99963051807464,321.38481194498087,ArdhaChandrasana
0,TRAIN/ArdhaChandrasana/Images/v14.jpeg,174.65483973901945,180.5710353731148,123.64961393455192,84.36405930170655,167.0823672425627,183.615531071132,240.73224116066064,130.91438322002512,179.75824709073189,66.07969036735032,196.8795287755132,319.0444855741811,32.50752442263891,247.2213061869934,ArdhaChandrasana
0,TRAIN/ArdhaChandrasana/Images/v15.jpeg,172.51004731536756,191.2414787676265,110.6997033711454,78.39358489664288,186.232442405112,182.64254529406472,260.7958519291935,108.17109593236736,164.73025756588837,63.067854223742565,184.48247105483708,322.3190193755904,33.76999328133624,235.4914770123316,ArdhaChandrasana
0,TRAIN/ArdhaChandrasana/Images/v16.jpeg,164.5293327083222,187.12501634890185,81.18229257648709,116.565051177078,171.0975191770135,183.90049374238188,250.9220223915516,97.70828656691135,180.0,185.56974339257425,296.565051177078,290.788994780765,133.44757752982756,328.89151899364833,ArdhaChandrasana
0,TRAIN/ArdhaChandrasana/Images/v17.jpeg,169.18166054576315,183.9129054045196,81.88508069809345,106.93579735018764,187.5666862547952,183.09405805891717,246.05165114841043,105.57488401507264,179.41203658537077,165.87436289693431,289.9572428575559,300.3892938514591,126.38123829550784,328.3520716330852,ArdhaChandrasana
0,TRAIN/ArdhaChandrasana/Images/v18.jpeg,168.84091170448562,188.130102354156,81.96814294596187,100.88552705465874,179.90070065485648,178.79648419069497,257.54313008964624,93.0737596834722,173.08877288097534,170.81221796766695,276.89461395622897,325.01810929267526,122.7352262721076,314.6537407698559,ArdhaChandrasana
0,TRAIN/ArdhaChandrasana/Images/v19.jpeg,190.704006749278,195.00131846047148,110.4031849024538,77.05349048436305,176.76523781272567,176.6501532292555,249.85845108459725,117.87929870421178,157.20807617123168,65.874108870743,196.0135471783134,316.8476102659946,29.753919911713915,237.6604918717603,ArdhaChandrasana
0,TRAIN/ArdhaChandrasana/Images/v2.jpeg,169.5085229876684,192.46836914558415,125.29334759066026,77.73754471905788,186.49023272498235,183.01835128155108,243.72684619315865,124.86790550759324,171.90511324037277,54.571201646278126,193.0910832643453,277.6960517220166,32.64756396621338,240.7291864384605,ArdhaChandrasana
0,TRAIN/ArdhaChandrasana/Images/v20.jpeg,182.12109639666144,176.05481377096245,88.75463573323165,119.40853129090918,179.42127443439222,180.9569211316412,244.5495868543527,112.26917608245373,187.75926106332795,160.7465957153894,289.60733147644265,304.278030940609,114.38484038422136,324.8513273428081,ArdhaChandrasana
0,TRAIN/ArdhaChandrasana/Images/v21.jpeg,174.79487559500038,180.0,93.25345138292914,105.37745204060032,190.39550427208536,180.0,269.64980944344273,97.56582762957048,181.6032800646805,77.01897006566925,183.88790956083307,320.5817632706543,37.38404484208797,219.54110993860724,ArdhaChandrasana
0,TRAIN/ArdhaChandrasana/Images/v22.jpeg,181.991075940167,182.20259816176585,114.73318799863884,73.17652784960254,180.0,182.88296345253957,252.7016573873156,118.49563861824498,170.8163444314044,59.82647997035567,181.936197387005,323.13010235415595,28.84266013541206,239.58294232948407,ArdhaChandrasana
0,TRAIN/ArdhaChandrasana/Images/v23.jpeg,179.41176831153564,188.0428942335053,127.14535600197924,79.63227177907487,181.68468431789628,185.00391995224035,247.3439815479288,122.31924102713248,180.90096944228463,63.97422574541121,191.67486880975085,311.80498682788635,39.13178884869748,241.3765012795632,ArdhaChandrasana
0,TRAIN/ArdhaChandrasana/Images/v24.jpeg,177.61405596961117,184.9255155193897,77.20634465712114,126.58765470957316,183.96926345671952,183.02323645535924,243.75865034784223,105.8642117122315,189.85556091681428,174.4623154115672,298.15374102574765,315.68341624956673,126.86989764584402,325.5915277479714,ArdhaChandrasana
0,TRAIN/ArdhaChandrasana/Images/v25.jpeg,177.0839685752684,189.46232220802565,92.01966914672248,115.86635679409451,179.2151753970081,191.6430437179416,245.77225468204583,103.23752687441716,191.30993247402023,175.64302499415368,289.7508532278091,324.38551826004306,133.8021078368924,326.30993247402023,ArdhaChandrasana
0,TRAIN/ArdhaChandrasana/Images/v26.jpeg,171.76340003705312,188.48432213497043,93.52203454664554,91.20063398152504,182.46811791382856,184.28915332881903,268.8201811865719,81.80945908227669,169.05500386171045,179.20427644726072,271.31018600770153,314.78621077012286,138.47671080280944,317.01205686541414,ArdhaChandrasana
0,TRAIN/ArdhaChandrasana/Images/v27.jpeg,167.52489028779104,194.48976259388445,111.4311672762332,82.3061814221345,169.01934998982648,176.4712287806335,274.0364314213097,96.5650981466078,172.829256781706,72.13798987476149,171.2496167429399,328.9259887364479,35.04529313495819,211.04355561628824,ArdhaChandrasana
0,TRAIN/ArdhaChandrasana/Images/v28.jpeg,165.75864125255222,188.53076560994813,77.80633316960312,106.67035803552696,178.35297133874124,185.72322726728677,232.0147691404492,121.33150359708438,177.8094261359618,159.07549825507886,293.2919712124787,319.73418875662765,113.88757081073456,332.4148560659122,ArdhaChandrasana
0,TRAIN/ArdhaChandrasana/Images/v29.jpeg,167.40293662936728,182.38594403038883,87.45176817289932,116.565051177078,182.02374383923416,191.59491286212983,243.6860871373147,106.3976181261021,192.8477048587177,174.11181585112803,292.275897848259,290.2785299915277,135.1259245873863,329.08357822620843,ArdhaChandrasana
0,TRAIN/ArdhaChandrasana/Images/v3.jpeg,166.57528193219102,193.55945187053408,67.61554139088646,123.92073593557711,183.3327374304123,172.73888941889274,232.66770088833323,118.08972638947544,187.5803729381236,167.1920542879703,305.9334972601838,310.88777115528154,118.9176405481316,325.41401085942607,ArdhaChandrasana
0,TRAIN/ArdhaChandrasana/Images/v30.jpeg,174.80557109226518,194.9253624619482,80.1806993612421,104.84170929845192,180.43078721700863,186.63359134036557,246.0210927209745,103.46520809481171,175.47162676178843,176.14799350656207,292.60352429456776,300.52970589993413,132.11642742613208,330.2072315101107,ArdhaChandrasana
0,TRAIN/ArdhaChandrasana/Images/v32.jpeg,185.72783532160545,185.1944289077348,114.19843801641136,90.5161642297648,182.10677762274972,182.69555091480365,257.4425343201209,112.10729456371872,175.793331491905,71.25058792674929,190.6096855912874,300.55096987354057,34.28043631195105,230.5435344652661,ArdhaChandrasana
0,TRAIN/ArdhaChandrasana/Images/v33.jpeg,174.10601585178293,188.4269690214807,87.35024068955872,107.7004277886672,179.02375384735183,192.1283879357088,242.714062246326,104.99352868225009,181.70981404414155,168.245250301199,283.51551166354875,327.0947570770121,121.81170165277346,325.1755108430432,ArdhaChandrasana
0,TRAIN/ArdhaChandrasana/Images/v34.jpeg,176.77547739348012,190.4258085258848,128.3407927338632,76.27684510709418,173.0470425318261,184.28915332881903,270.8506908679593,100.0156444041096,177.73268618447693,69.92209720833094,170.36246188706903,331.6000136793915,40.62513188093244,222.49610939314024,ArdhaChandrasana
0,TRAIN/ArdhaChandrasana/Images/v35.jpeg,177.3322337195537,189.9394814562206,122.9809975454555,76.90015691773371,184.86162819437817,179.18971437979215,243.9186315573137,124.08181743993728,169.53793471476226,58.51215622208714,196.98473253198856,274.5739212599008,32.883138070877415,243.23436721818612,ArdhaChandrasana
0,TRAIN/ArdhaChandrasana/Images/v36.jpeg,173.15722658736905,184.73907231851297,115.5138704275342,86.55960200083305,184.51398845800128,179.534190917235,259.07636770109315,110.90372869650577,177.4588340827398,64.48612957246576,187.1682747623607,328.79781047262435,34.97747548603005,231.82437951092797,ArdhaChandrasana
0,TRAIN/ArdhaChandrasana/Images/v37.jpeg,169.26733544334422,182.4801878061112,77.87898454741425,118.46394688443048,180.0935440467017,190.0935213615226,260.40686573726964,89.06211734136676,182.48955292199915,185.5820533696244,290.7799650546965,301.1593045083444,137.343896410161,327.1313210666325,ArdhaChandrasana
0,TRAIN/ArdhaChandrasana/Images/v38.jpeg,171.55247275209155,182.1961071932297,76.44432496008471,113.573220431109,180.6882044930397,181.52587662698696,246.32794186976008,105.51770063881357,180.22766415088384,162.020883134727,283.6745705473266,325.91898932535446,116.38554667876978,318.07363090017174,ArdhaChandrasana
0,TRAIN/ArdhaChandrasana/Images/v39.jpeg,179.41536947929484,184.08561677997488,124.07051199781964,69.67686317033706,177.3974377975002,182.86240522611172,271.3971810272964,96.82814968157707,177.79740183823418,62.34612503897053,156.81445794422532,258.5034369824142,33.061432757391664,214.140496764678,ArdhaChandrasana
0,TRAIN/ArdhaChandrasana/Images/v4.jpeg,165.9348921619647,190.91670964033696,99.7051786387427,94.14961788187168,185.49875915218664,181.7899106082461,257.01006921277684,94.10547088734737,177.06857372657242,171.47254226947277,282.68038349181984,303.8335458058173,140.70312767324157,325.2553645121244,ArdhaChandrasana
0,TRAIN/ArdhaChandrasana/Images/v40.jpeg,171.86989764584402,189.3276145106676,112.63261718008292,71.10669471907757,172.27047851418024,178.63502449628092,266.02750405924934,103.81469856794656,163.7847067302759,63.87274389266371,172.867174494882,321.9200018056955,30.97745791987072,224.98158284232088,ArdhaChandrasana
0,TRAIN/ArdhaChandrasana/Images/v41.jpeg,175.4057466687336,191.888658039628,110.43064123315406,72.03467819676764,181.3875157474432,180.38539180773304,256.0125142751845,113.72873167269174,156.17573941710458,60.81266999705787,185.47354697193,316.22287689593725,28.10488946570161,236.7965091373828,ArdhaChandrasana
0,TRAIN/ArdhaChandrasana/Images/v42.jpeg,169.83583036415487,196.6992442339936,95.56944300051794,96.00900595749452,175.07620280881648,185.5624687516463,245.85813934126392,106.4945956106696,177.70938995736148,162.75097946361487,277.79891656574057,315.0,119.86430086866773,319.53777250790665,ArdhaChandrasana
0,TRAIN/ArdhaChandrasana/Images/v43.jpeg,171.8184189719036,208.68614757373945,85.13076841818973,109.89018680125793,178.49256424122504,184.16025510246064,262.4210273430018,89.82718429831174,182.1467969036293,182.43148111154767,285.05832572974543,321.9165492851431,139.1583922791855,315.47655125984846,ArdhaChandrasana
0,TRAIN/ArdhaChandrasana/Images/v44.jpeg,171.43212873377206,188.130102354156,120.35030742934956,81.2538377374448,170.5059701142411,180.40066325579213,256.2161660780784,116.80487863084014,178.18169703554815,72.01618972386528,189.28812330457464,324.8437233906944,41.49521663597004,238.23133112553103,ArdhaChandrasana
0,TRAIN/ArdhaChandrasana/Images/v45.jpeg,176.92666748892665,193.1707503651561,118.17459170715242,64.73150793630444,185.83080153916015,177.6537260279116,265.6567600483106,104.40171186335353,157.41132799986238,62.514408505344406,177.91651159236687,290.08197748418075,35.51112510774128,229.34323995168936,ArdhaChandrasana
0,TRAIN/ArdhaChandrasana/Images/v46.jpeg,170.40778015808598,189.5037958015878,119.4686641141016,72.27165361950348,171.75680725356366,180.85393889940065,250.31048066449185,120.88710539088508,164.05460409907715,58.751845218040565,182.98069121115253,312.28801653255505,25.721991280142163,233.5190611054973,ArdhaChandrasana
0,TRAIN/ArdhaChandrasana/Images/v47.jpeg,182.59898724901888,186.966239852492,113.53893641665223,81.33858545951554,181.46880071438585,176.99847567230086,265.9056173712485,104.08155362115384,171.35580173889915,64.48612957246576,177.93988897627688,276.49077163447566,29.42785557121153,222.03606319655597,ArdhaChandrasana
0,TRAIN/ArdhaChandrasana/Images/v48.jpeg,174.0938588862295,185.58871622001803,74.71839226530518,104.37641797514613,180.59964849011976,173.99429696401637,234.2726017772003,116.49878974111977,174.88774497570492,161.1090608385202,294.9560422710306,318.0468434794363,113.6990694353958,328.4161834818409,ArdhaChandrasana
0,TRAIN/ArdhaChandrasana/Images/v49.jpeg,162.25532837494308,190.88066406201105,101.21740808208062,85.72880729690189,180.3688518540402,185.52754015165613,267.5104470780009,100.83718966234868,168.84907483149485,79.86937337091756,181.1691393279074,326.7934296849105,43.659613946027015,223.75815592283868,ArdhaChandrasana
0,TRAIN/ArdhaChandrasana/Images/v5.jpeg,158.86109951062716,188.9726266148964,77.64974504234675,112.97889031681694,182.3613746581756,178.6360724683971,232.21007894952209,118.30419819447576,180.78190378295432,161.3784206335124,297.55281157671783,298.09031803448,117.3105220978294,327.78754555537625,ArdhaChandrasana
0,TRAIN/ArdhaChandrasana/Images/v51.jpeg,164.45792653670887,190.94876042432105,64.58852411312888,113.31127226576844,180.03954159449054,176.98512848245008,237.99461679191648,112.13866001630632,176.77437164956638,166.12582834327574,297.0213061863092,316.6249763575248,112.81885671452932,327.22512267573575,ArdhaChandrasana
0,TRAIN/ArdhaChandrasana/Images/v52.jpeg,181.65457618639903,186.69501765656236,108.22628196500838,93.70524563289432,181.00508600525416,185.71059313749964,249.8199248289017,104.76542310992856,177.87890360333856,157.58880190987318,275.82634202955575,290.53385475612555,122.8218207310666,321.6415650949689,ArdhaChandrasana
0,TRAIN/ArdhaChandrasana/Images/v53.jpeg,178.98649323585977,186.1155035662854,74.16255469937505,112.93210043758978,177.79622576820864,184.86451443776053,225.0335651862675,126.65100366014354,181.68468431789628,154.89750204201985,292.9321004375898,327.11586049392633,98.68352683572948,329.17069253665164,ArdhaChandrasana
0,TRAIN/ArdhaChandrasana/Images/v55.jpeg,167.2344342189414,191.15092516850515,90.49605496039528,89.15392130026083,181.59114027119455,178.31531568210372,266.9710105751193,101.39672227814684,163.1956838509425,74.24882633654697,186.5491987556568,328.5639064394779,30.61293274668776,224.63603972981377,ArdhaChandrasana
0,TRAIN/ArdhaChandrasana/Images/v56.jpeg,170.8376529542783,188.6156481841641,121.72360295768404,70.43028917243754,185.8669444176359,181.6226759227193,254.4058456546841,113.14376055524733,167.23972807473157,55.98578699967745,183.3686573348052,311.18592516570965,32.59001372878868,238.009007398864,ArdhaChandrasana
0,TRAIN/ArdhaChandrasana/Images/v57.jpeg,167.6609127216738,186.51980175165696,84.23258931611711,101.38204795451986,178.51213247117224,187.5341026266325,245.91608455980275,104.78272604261568,172.47916418288878,167.15724595605553,279.61057821448577,285.1496723481836,122.0260132798764,323.53837890818096,ArdhaChandrasana
0,TRAIN/ArdhaChandrasana/Images/v58.jpeg,169.01934998982648,202.08948639716343,118.96766064606402,71.12205140043406,171.2538377374448,183.0475923714325,256.9256693600594,115.36605324976271,166.59634942141318,65.37979626149566,180.1119056770662,319.8777558933864,32.13181873497906,231.4236655129144,ArdhaChandrasana
0,TRAIN/ArdhaChandrasana/Images/v6.jpeg,160.16407497329428,198.86276691081176,83.62928306810599,85.83455236870014,177.64311983346195,188.45982210246336,255.88384615220917,96.48842277293832,157.93306838615646,166.8659776936037,272.08677727557074,287.35402463626133,120.68151359580268,321.16274692727524,ArdhaChandrasana
0,TRAIN/ArdhaChandrasana/Images/v7.jpeg,171.5630958685941,188.04062437456057,85.43516970067549,108.49990999634876,163.8074150556605,182.01459878787057,250.0521263967393,119.70768832617604,191.888658039628,92.32246642074205,206.97678822080977,327.7943993907652,44.93154629360625,241.8636861040518,ArdhaChandrasana
0,TRAIN/ArdhaChandrasana/Images/v9.jpeg,158.1063268582716,197.6501242199301,83.60560223477242,82.03866234043669,181.42446827356184,191.7436843903697,268.6372105426556,82.49225543740312,154.38026538574854,175.8653286262636,269.6808067589255,296.6842930018283,135.4688584337035,321.5164045672718,ArdhaChandrasana
0,TRAIN/BaddhaKonasana/Images/BK_10.jpeg,186.9112271190247,174.3907255535542,4.3474569075596765,1.9414863909143851,344.41559883309554,17.116175525837438,309.32907987894976,46.20183306445212,44.222779349121815,76.85513238244926,274.21909534924845,309.2154953240848,10.619655276155145,4.600095666263282,BaddhaKonasana
0,TRAIN/BaddhaKonasana/Images/BK_11.jpeg,198.29787784156736,166.42956561483854,13.671307132195828,9.293308599397117,343.1877270997973,17.415370905668166,301.4931922177933,58.50680778220672,55.24408744645863,82.18470645323313,277.99135592681824,312.7974018382342,28.04810575455306,343.3855755108736,BaddhaKonasana
0,TRAIN/BaddhaKonasana/Images/BK_12.jpg,183.28417644653533,183.96926345671952,359.591629694432,356.49128049148044,347.87517598090545,14.061038509973336,309.0956168029446,40.446232020841386,33.81965568961057,82.06432228028869,280.82667973058307,311.2233604289066,351.8872232514584,24.07033972628093,BaddhaKonasana
0,TRAIN/BaddhaKonasana/Images/BK_13.jpg,202.4122489453532,171.18274119575705,4.723318587058121,4.19072100821538,348.10307861615195,11.987646257135951,291.3820865840345,56.65591155148568,43.98127376657521,66.66069143833673,298.67975207378424,309.2766354189422,315.3978809618346,7.001267557495341,BaddhaKonasana
0,TRAIN/BaddhaKonasana/Images/BK_14.jpeg,191.47746351562208,165.5087797578722,12.086250540141483,13.912494676520012,336.2072411184275,20.582534251220512,293.35048353171464,52.70158505120808,54.445335615130745,95.65608165411756,267.2736890060938,324.0902769208223,18.901842395759424,353.8800696563524,BaddhaKonasana
0,TRAIN/BaddhaKonasana/Images/BK_15.jpg,242.71429644588048,166.61378846922148,17.179411627577494,19.91103724953736,345.05183145570965,13.54606188186866,312.76882539196873,19.74333338344069,62.83658123562466,95.7974829341164,285.82071515546755,308.7770370580906,317.23117460803127,255.96375653207352,BaddhaKonasana
0,TRAIN/BaddhaKonasana/Images/BK_16.jpg,196.97549946792972,157.0204372187199,11.30993247402022,10.500826845720066,343.93714133531813,15.908881978672218,306.73458017372826,54.83857511076557,53.42313846120581,77.38067770656923,281.0130427492472,310.6395124044752,37.30394827798343,359.0917283654527,BaddhaKonasana
0,TRAIN/BaddhaKonasana/Images/BK_17.jpg,178.3291954733809,178.01411373822646,2.568154645150438,1.3236610855117363,342.50111539324485,17.687113097627574,303.6041797481397,51.39856268386547,39.15854105913229,76.88130890641125,281.93253823951136,306.02903876644,16.783439290496137,1.797089058453894,BaddhaKonasana
0,TRAIN/BaddhaKonasana/Images/BK_18.jpg,201.5226001079071,158.79973840155782,11.061182461591804,9.608086188151134,328.7967165476422,21.994630713281477,296.64153179020906,57.48581304166539,50.50624750048029,88.98084117393772,279.9262455066517,330.5803160289823,353.1839653289005,17.431932602346972,BaddhaKonasana
0,TRAIN/BaddhaKonasana/Images/BK_19.jpeg,218.89251394094052,140.05986884626412,17.466451824835797,20.131639800221983,340.12395188495583,20.293973727576844,320.74703310259684,35.26301172959727,66.50518233081388,76.06142474285711,280.7535485043382,311.46770541610914,104.93141717813756,288.9704078084866,BaddhaKonasana
0,TRAIN/BaddhaKonasana/Images/BK_2.jpg,189.68931348109768,167.16736349796705,6.337863500979954,5.830172084604459,345.79277858651784,13.736268305622572,306.55308218765214,47.62433744125652,47.77046093590635,81.52612709397255,280.47525051049604,311.24144431452805,33.39258432420505,2.010963858291147,BaddhaKonasana
0,TRAIN/BaddhaKonasana/Images/BK_21.jpg,197.28569704195573,159.01921010263726,8.124828876525589,11.10243679972873,342.3762224880922,18.67856642173322,301.2884674246821,61.89048800064155,51.50478856537257,78.07642210300115,275.05541877105264,324.0759940227824,350.0822812853849,355.74160523183,BaddhaKonasana
0,TRAIN/BaddhaKonasana/Images/BK_22.jpg,183.41393809664095,174.13230232772565,0.3739455782026062,1.1949054500927434,347.94197098174766,10.740646265941695,306.0273733851036,57.23820345441448,41.00033300614805,61.18972610223695,299.387397929967,307.4469628542436,343.2433008999151,17.102728969052382,BaddhaKonasana
0,TRAIN/BaddhaKonasana/Images/BK_23.jpg,218.9160537277677,144.69950795785445,16.954641745601307,13.510399122803037,348.1248360202999,12.399872276698003,299.2262163440114,54.97387807461265,59.808776228385724,73.80925671532869,284.4129586459019,312.3707181758496,350.5376777919744,18.034285567129867,BaddhaKonasana
0,TRAIN/BaddhaKonasana/Images/BK_24.jpg,199.3024745799084,165.80831529782412,7.997680587191561,8.008491959158029,348.02386755579664,15.009176962799756,281.21539424556363,54.90478873578581,49.16029321051084,83.91147184580483,278.239423016104,305.87929124086617,349.18799050213835,13.626994859891546,BaddhaKonasana
0,TRAIN/BaddhaKonasana/Images/BK_26.jpeg,191.52806113881573,171.4259848953078,7.957800893993787,2.6766233629867866,345.9540920927136,15.388146479378705,298.7530501492089,47.13684334609345,45.60322347045737,82.63297265819564,275.2789525465665,311.8823644929401,30.201189379957952,23.500144463516467,BaddhaKonasana
0,TRAIN/BaddhaKonasana/Images/BK_27.png,229.748295977448,105.38009005372324,30.94809980900016,31.72935612359634,348.0540520784833,12.213810230940531,317.20864110575206,60.7586971553086,86.24843802858749,60.11232105785776,284.4963667237014,304.8266471915084,84.6481815149169,24.74353782547688,BaddhaKonasana
0,TRAIN/BaddhaKonasana/Images/BK_28.jpg,197.45443218988103,186.82236427986464,352.4486232114518,14.824170820552862,342.01583798590474,30.40219938549671,327.76862882558873,16.69191272034035,35.98336022631327,69.80310424822291,293.2963809634168,325.7026324513276,347.99086328041267,338.54954298162426,BaddhaKonasana
0,TRAIN/BaddhaKonasana/Images/BK_29.jpg,196.309965599198,162.88878570057875,8.680448667769411,7.514320949570998,343.1374954239267,18.296720431239248,301.99168055425963,57.0345643506985,48.21640448298053,75.17610664551863,285.8384773804198,305.79224014978064,0.5895719234242288,8.68764331421542,BaddhaKonasana
0,TRAIN/BaddhaKonasana/Images/BK_3.jpg,190.72278645022055,164.5022182699377,6.410936682326324,6.6992831553596055,341.502328770782,20.17675668444185,311.9114150724079,42.33899261595596,46.51462001871024,78.84467136549519,275.28834233497685,311.342575468487,9.462322208025622,6.149790414647587,BaddhaKonasana
0,TRAIN/BaddhaKonasana/Images/BK_30.jpg,184.39307518969565,171.135043911362,0.9757101336498836,1.881825381372908,346.08930259484003,14.133029931258594,296.8245672763473,62.20575014533574,38.641647944234506,55.43286189520246,299.7203045851398,306.41929551920515,339.4142023336487,48.731396999160445,BaddhaKonasana
0,TRAIN/BaddhaKonasana/Images/BK_31.jpeg,184.2424161094789,175.91228839391098,2.4525055012328303,4.712982305595744,350.1931653713915,12.360573940701045,299.5603544646808,59.79280067833093,42.78233722668307,43.15421916514066,308.37399280256,309.0389648553915,359.8565217201625,349.2395306939719,BaddhaKonasana
0,TRAIN/BaddhaKonasana/Images/BK_32.jpg,191.59713838396,170.7451426442426,1.1550820579957717,3.767001822629585,345.8329444773688,13.820121102861131,301.6754687381092,45.000000000000014,41.43211176216024,79.04704595671207,282.2221203850429,305.60702911519235,324.64584425661195,18.434948822922006,BaddhaKonasana
0,TRAIN/BaddhaKonasana/Images/BK_33.jpg,196.726314418954,161.08932893729062,9.525662212263189,10.368718734751054,340.86737006351774,21.02718004096511,316.84656333886056,39.45096949485163,49.20035835583056,87.83398392736699,272.0537282479264,309.8246163025008,11.050086052410398,356.0952534604864,BaddhaKonasana
0,TRAIN/BaddhaKonasana/Images/BK_34.jpg,192.44307195682245,164.03847925485556,9.286529709904954,9.361866197265751,337.1330283659313,22.265859263724995,322.6294442427068,42.8447243792085,46.31383636625586,70.63819406656283,278.66603087590954,314.11452877670365,3.6976464518451855,354.5499069513812,BaddhaKonasana
0,TRAIN/BaddhaKonasana/Images/BK_35.jpg,203.7132561166473,162.6733702937249,10.427279542437244,8.695972901511617,343.0394968267284,14.941559607892833,302.61320600537715,61.21913939843642,48.24314034770336,65.79652976545964,292.53867363516105,320.42232086274714,349.34268906720735,4.13822030863312,BaddhaKonasana
0,TRAIN/BaddhaKonasana/Images/BK_36.jpg,204.25339141077663,151.31045374073432,11.773440371286869,11.828570199481396,345.6392479990364,14.884907969890763,307.7790335474915,51.580346758547,51.891016464289976,71.87621603165246,287.3283905809225,312.8385467185069,6.352261638192516,22.66455743469611,BaddhaKonasana
0,TRAIN/BaddhaKonasana/Images/BK_37.jpg,183.03477782339263,182.5472156266524,353.6789463987164,4.832755987134935,347.1234850811826,19.77455841136746,299.8894304182391,40.98041751216255,37.52826607082575,55.96613202717522,295.64859327102454,299.9836616272114,319.76364169072616,339.8307855298217,BaddhaKonasana
0,TRAIN/BaddhaKonasana/Images/BK_38.jpg,203.66975403787745,147.8815117297856,1.857122319531442,2.2625641519645594,330.7136807855039,28.3266554241072,311.46103741184,44.25547298608241,39.28709362617427,89.74225863650982,267.92084762789415,344.3297017557974,317.97882007588737,58.094766406301325,BaddhaKonasana
0,TRAIN/BaddhaKonasana/Images/BK_39.jpeg,186.44128230468812,175.56488555468405,1.28921932863071,2.030002961617817,343.4148372597089,18.4754750485444,299.2227712109448,53.36402297792928,38.5021224508929,74.02086166061945,291.2932841436306,311.74382216996054,347.2562445641053,12.379113002043416,BaddhaKonasana
0,TRAIN/BaddhaKonasana/Images/BK_4.jpg,195.50957139444415,163.6153148201864,12.163324990637388,11.069537120347062,341.7493891121608,17.21021032226214,297.4738477023914,63.85052945275073,55.30967997505636,85.10568164124595,274.9738349966911,305.8969118687768,39.60797010572425,332.37048326487707,BaddhaKonasana
0,TRAIN/BaddhaKonasana/Images/BK_41.jpg,189.32622797582013,160.15690317286973,6.797487852330587,9.30255410119407,341.62852230006035,16.51485340271042,304.327733848612,56.58980331805317,51.3556138745168,88.63725189139454,272.5541867163318,315.3274008908444,15.847704981926857,7.2349286439449,BaddhaKonasana
0,TRAIN/BaddhaKonasana/Images/BK_42.jpg,191.8020833682508,169.23895773535833,5.517401940123826,4.321367264995594,342.32620136523,17.47033813135238,306.19537494201376,48.4302422047597,44.112328445148535,67.66208010230358,292.02208465958023,309.0929852352352,357.7414134068313,18.36504754058808,BaddhaKonasana
0,TRAIN/BaddhaKonasana/Images/BK_44.png,196.5059195178232,149.3314832978836,12.688057033673015,14.123186920939595,336.36350471654634,18.74504501634185,306.5468370176757,59.04014990955902,57.39938861444776,77.57665924966507,282.21079554734973,321.4608255130341,14.689690420972475,12.479071801927631,BaddhaKonasana
0,TRAIN/BaddhaKonasana/Images/BK_45.png,270.0682831285222,93.0604952599693,41.96598626314239,41.27249867534668,346.3804457638671,16.712067446228026,295.54392299566643,59.38361236288576,89.83892940216835,76.14044311137606,278.9715658569539,315.94505982783727,358.7650249707031,0.4118808393701136,BaddhaKonasana
0,TRAIN/BaddhaKonasana/Images/BK_47.jpg,184.892977316449,179.85389973141224,6.210529395863858,5.596188120960717,342.4421686555536,18.362589834975097,290.9144079439486,66.06935903642817,49.0707378881806,71.75887450759828,286.5286271991165,319.4324559023108,33.77301466964323,323.9149269571479,BaddhaKonasana
0,TRAIN/BaddhaKonasana/Images/BK_48.jpg,203.38522105721376,157.76575264364973,11.738571206722334,10.247108557802958,345.2184068255697,15.295411087071898,296.73209379275886,67.27332212034987,55.96767970244186,72.29694169202456,277.90865860601,306.13744346303605,356.8201698801358,11.142889858339313,BaddhaKonasana
0,TRAIN/BaddhaKonasana/Images/BK_5.jpg,193.47408285373095,169.9266005612693,4.293650060891292,3.7198217603040544,347.9756342571527,12.951509003425071,307.78916097805336,51.09586154459581,44.09939025759336,60.74113425786337,290.5268660166979,312.123382341264,340.53914494502504,12.565547543495963,BaddhaKonasana
0,TRAIN/BaddhaKonasana/Images/BK_50.jpg,209.0791764818735,160.48315516723247,20.705244194978416,24.93190621727409,309.1198374741174,43.84266693187048,310.731475118551,52.32806344552333,57.89177896687377,88.27197085309508,282.2665916027415,12.2356872470836,353.7606648589355,1.134421630977006,BaddhaKonasana
0,TRAIN/BaddhaKonasana/Images/BK_51.png,182.26195223526076,176.85298204745587,0.6668460805995999,0.5219987329635645,347.4060857905368,13.4607813174495,289.71628103209014,64.15561244543967,38.88527884584505,56.86447261897512,297.1155385202077,309.1623125926232,343.3007557660064,21.2347041342539,BaddhaKonasana
0,TRAIN/BaddhaKonasana/Images/BK_52.jpeg,176.64644524456526,172.626764294362,24.727700948328746,340.1543381113362,335.14841414028785,35.09795469921737,345.5486396573454,32.802969724268465,31.27928033211528,82.0809906778781,240.48784593729215,282.3742038696361,37.05703616224044,20.49179568784316,BaddhaKonasana
0,TRAIN/BaddhaKonasana/Images/BK_53.jpg,194.4702941000659,163.68454085532505,8.174391790977332,7.93888014676587,344.2225036720054,15.268710909772857,301.0496571866226,57.29079163854473,49.53068428358965,80.36104647050323,283.32076997897144,303.8175753682124,6.812299252706014,0.7098228981901841,BaddhaKonasana
0,TRAIN/BaddhaKonasana/Images/BK_54.png,186.2363058105629,170.65760598838983,8.615648184164119,5.34396583655709,350.14247498793503,8.939450139442087,282.8110506454224,83.03346175737362,46.28655201799582,43.25675351569421,320.10688120551725,315.9581676077021,4.939215542126193,12.55336655013058,BaddhaKonasana
0,TRAIN/BaddhaKonasana/Images/BK_55.png,187.4610581233648,176.1621952935883,1.1067905198549826,0.828758723071537,345.02680398717274,16.540151912406436,303.5098927126116,50.11169343738688,38.24786896904854,70.88932022105264,291.9483932896701,305.9884004578142,334.219006342258,21.614778942786245,BaddhaKonasana
0,TRAIN/BaddhaKonasana/Images/BK_56.jpg,184.7129818531508,174.37458266072383,0.065684618553489,2.748892113084344,347.45767973310177,13.987834329036785,292.43392266686885,59.1704527070164,40.73253116948673,58.34351264762464,298.1633299671616,307.9188722905941,338.4561943807767,12.590950612672534,BaddhaKonasana
0,TRAIN/BaddhaKonasana/Images/BK_57.jpg,191.55311295303625,162.8406443589249,7.99055412643149,6.881094258393267,341.1205949973397,18.0897245475069,316.4871390452531,46.96151287717085,50.89773325637632,88.08113449813621,264.5135788577288,307.27508757352723,20.998719034387012,4.000635528975285,BaddhaKonasana
0,TRAIN/BaddhaKonasana/Images/BK_58.jpg,185.8192507357525,176.51977928847498,3.842375229973421,359.66392210615754,348.05128964631416,12.483208366810649,297.689301782717,64.39024060267852,40.940885005012696,55.09437164860561,299.721207228335,307.8080281477612,40.426078740099136,72.84162606995781,BaddhaKonasana
0,TRAIN/BaddhaKonasana/Images/BK_59.jpg,192.79689236227205,171.74173488021725,4.657034213980282,3.9870866491751262,348.47253952871154,14.399779098690171,297.2161115573075,53.42696902148066,45.85777661927765,77.19057172094368,279.52012693164136,306.0273733851036,346.0454908268632,5.710593137499633,BaddhaKonasana
0,TRAIN/BaddhaKonasana/Images/BK_6.jpg,184.9441136339843,173.99190390370583,3.416588191771339,3.457404543456662,343.56863264454046,16.080699720469177,305.8244273925555,60.10143806859824,41.83599404322247,81.33721126640074,281.5613158870001,310.27138017503023,1.083991357809935,357.53188208617144,BaddhaKonasana
0,TRAIN/BaddhaKonasana/Images/BK_60.jpg,198.26098532330056,158.8715736055444,6.215270843334487,9.221318579418574,343.0259900667636,14.90376922491288,312.679680733771,48.3733109478918,51.51931341137334,89.80012379819325,273.73139699916044,312.2795982919742,339.10961811378974,3.3392417678464934,BaddhaKonasana
0,TRAIN/BaddhaKonasana/Images/BK_61.jpg,191.8468979002093,173.5449899294021,1.7772404710766294,5.894809344211699,344.5647685446053,16.468924092083768,295.6989199022552,44.99999999999999,46.74199719404059,82.21623361089533,275.5148828028247,313.23760897633946,342.33891078029694,350.6671303044444,BaddhaKonasana
0,TRAIN/BaddhaKonasana/Images/BK_62.jpg,193.1573572165134,170.37524719929178,7.834729848018833,5.634692165819322,347.70369256393906,12.446604351618996,293.8667325819769,68.85905543330007,43.00021568018639,54.49876756032474,305.9716256941655,307.23034758431555,358.60847334745216,7.017385080052894,BaddhaKonasana
0,TRAIN/BaddhaKonasana/Images/BK_63.jpeg,197.6908896200333,177.5587549044497,1.5974761972456193,5.289752142439743,339.0223228475522,21.18537717583934,312.5269683519124,37.67967806275491,41.94422488473155,79.30139951751923,284.76491589886086,315.8787007279117,332.10272896905235,355.79101507582976,BaddhaKonasana
0,TRAIN/BaddhaKonasana/Images/BK_64.jpg,183.0170195718177,172.5799061668469,9.947409383632143,353.255368178222,342.2624960049013,22.63247127996309,340.72994081654093,12.425794911997478,32.469108277481894,79.87465851430679,258.5164883160068,297.5417403337284,49.731007876531145,11.22328354801288,BaddhaKonasana
0,TRAIN/BaddhaKonasana/Images/BK_65.jpeg,203.9483488515896,175.2975472108687,353.6869155440624,19.702647795602985,342.6450493414106,29.090760454929654,319.9655287322704,16.74197038529311,42.66786174217112,84.29250510396778,293.49549214285645,316.31139962707084,343.11862410022707,327.2485080705542,BaddhaKonasana
0,TRAIN/BaddhaKonasana/Images/BK_66.jpg,189.46232220802565,163.97941001112298,15.047562017430328,14.678804271544164,344.36289381220394,16.159776375803027,289.5490558897605,73.87286170672019,61.81951031556338,75.3457666745061,283.3384456475312,306.3474582088853,60.67952412241926,309.3171709272856,BaddhaKonasana
0,TRAIN/BaddhaKonasana/Images/BK_67.jpeg,214.38034472384487,107.26152158416636,27.530126169623,19.364308739353486,344.4395688877016,14.143188335820287,321.73454154515264,66.44037361864012,72.61178273295268,50.47903885133776,279.298444264256,295.6756512447112,18.70996645246239,14.07631978187083,BaddhaKonasana
0,TRAIN/BaddhaKonasana/Images/BK_7.jpg,192.77873318840605,166.7910524541607,8.458912400170565,4.207164583601848,343.72783795556904,15.782069970400777,303.8117855000014,53.27687563573944,46.24556330305437,78.10121790608342,278.13123595879966,303.3735624421292,18.12186024790136,16.676653807283646,BaddhaKonasana
0,TRAIN/BaddhaKonasana/Images/BK_8.jpg,105.35866796103554,250.62097373662664,29.43962603386386,26.856524285206245,340.82099197418927,17.756196196467492,295.29765219184475,77.6806719742588,78.61303640875516,60.91772346670019,294.5381232441749,316.574166358084,98.9239884436314,241.64605397122224,BaddhaKonasana
0,TRAIN/BaddhaKonasana/Images/BK_9.jpg,195.57748336720792,160.91777959590522,4.668652891395883,8.244812718973218,347.3014330685008,12.621669708058738,293.4296206305437,53.790291543394055,47.88967491783777,74.93573485418071,291.5298257630108,308.3361886498416,323.39597413265955,33.11134196037202,BaddhaKonasana
0,TRAIN/Downward_Dog/Images/downward_dog1.jpg,171.4912966837297,169.95065141187513,161.69586323178268,199.75600099746455,180.24415667344303,180.11482104772023,359.3857509535784,0.5870263800992711,5.769885057879652,77.76353191853579,76.86209928167479,14.036243467926484,70.96791437190049,69.40676813185588,Downward_Dog
0,TRAIN/Downward_Dog/Images/downward_dog10.jpg,158.5594408968973,162.61452263337569,170.45711921065822,192.38934840071724,175.72988844794094,178.20528525138846,357.785038975134,1.7493014844454255,25.84232165063416,78.28454299671374,71.53748193608621,33.36636600105956,76.83361499232572,69.01882457218746,Downward_Dog
0,TRAIN/Downward_Dog/Images/downward_dog11.jpg,168.00916502096075,162.82409638425327,184.81562428608743,176.53177074108288,167.30920950084516,170.0701445827246,358.5535443439429,1.3062170399866695,8.746162262555208,79.09968184864383,77.17157993916952,5.599339336520576,78.1398673745161,77.9887422775797,Downward_Dog
0,TRAIN/Downward_Dog/Images/downward_dog12.jpg,167.14822062987452,165.49507414034957,171.60906888839108,193.10963472183823,187.51380994437903,186.59039006610743,358.081405395814,1.4720904674969388,8.037146395132861,80.76385983141536,79.86013475218128,340.9065079995144,82.88832140666999,80.34869456693627,Downward_Dog
0,TRAIN/Downward_Dog/Images/downward_dog13.jpg,167.891482028325,172.43121545986506,170.75388725443673,191.33136748219087,181.22408252217625,183.6619355755198,358.441406370264,1.5219153590512626,356.4610576313845,66.80140948635182,69.29096240835096,221.42366562500263,65.72464851284029,67.3357753627062,Downward_Dog
0,TRAIN/Downward_Dog/Images/downward_dog14.jpg,171.41637851988605,171.7506558210937,172.83107884780426,183.26234438677608,173.10700998733432,176.7776340456985,359.1499766189089,0.8142683640092737,0.7858497189209461,81.71380281695201,78.82438424462818,6.241914347415046,77.11317957616141,77.6274815363651,Downward_Dog
0,TRAIN/Downward_Dog/Images/downward_dog15.jpg,170.3112134396332,163.79400131100573,167.64821267356604,195.27767609540135,181.27657489287984,182.48955292199915,359.10783796811955,0.8263241397292664,345.1889437727473,97.72661761909724,98.77832981574684,217.44365594356051,94.5920979532646,96.40756035340644,Downward_Dog
0,TRAIN/Downward_Dog/Images/downward_dog16.jpg,164.07859228252505,161.29237849672398,172.69424046668917,190.4688981374649,177.96593271831088,180.1696809832479,357.49279225742777,2.3606102354105363,3.8568009855898406,75.52970589993411,75.5019930329951,344.7448812969422,74.57783868126134,74.98163936884934,Downward_Dog
0,TRAIN/Downward_Dog/Images/downward_dog17.jpg,176.54025062945408,170.75049144590537,177.2279241515231,184.70990285779376,181.55629476285716,180.19045618331936,359.17121516107017,0.7993863712502104,3.113092084983413,73.28292458577248,73.6520981686941,80.90972307917767,73.5324532069973,73.7624296857479,Downward_Dog
0,TRAIN/Downward_Dog/Images/downward_dog18.jpg,165.06858282186246,161.1583844921981,182.5448043798131,185.7075932014056,183.16036162604567,182.4396980035281,0.4187759878660507,359.6021190381654,8.6886620571023,72.98490152012103,74.28434163316577,327.7243556854224,78.47418392246932,77.06857837202543,Downward_Dog
0,TRAIN/Downward_Dog/Images/downward_dog19.jpg,174.10601585178293,169.96333725426337,175.12335319492632,183.6550175827681,182.86105791436125,179.06913128421166,0.9155276452765228,359.0104353808308,3.27048792318357,75.7240430781805,74.43913375866164,41.185925165709634,76.1096845844486,74.43480248681037,Downward_Dog
0,TRAIN/Downward_Dog/Images/downward_dog2.jpg,154.56457836774834,151.0677702973115,170.16683650114632,190.270667244636,172.67983529293852,176.35514297807524,0.1556342530714217,359.7615574021911,359.5294086971048,90.12070722207912,84.68127124037056,190.7842978675626,87.71747699726163,84.31050750374513,Downward_Dog
0,TRAIN/Downward_Dog/Images/downward_dog20.jpg,175.98169100640592,169.939310204677,183.57633437499737,175.2720121811578,177.436229788535,173.48757697071213,0.0342473237833392,359.9325932316717,5.435818064299883,81.2538377374448,80.9280218623834,67.24902365721236,82.58554387850651,82.52592751992576,Downward_Dog
0,TRAIN/Downward_Dog/Images/downward_dog21.jpg,164.98163936884933,167.64912892225888,172.16447489351145,187.93099993888643,180.4220607230972,179.7825597554178,359.5366735257495,0.4795121937512742,350.42760771404187,102.23423046148407,104.3844957672134,282.9946167919165,102.15643972270276,103.13307201574008,Downward_Dog
0,TRAIN/Downward_Dog/Images/downward_dog22.jpg,181.61809453273747,179.66881421158462,169.5808922123717,193.29314921408383,163.1879530832904,175.92158148367247,352.79828251952284,6.400564502372378,9.706652409339709,87.68042636690924,84.52701460274645,65.22485943116808,75.61628473954549,75.95364992859527,Downward_Dog
0,TRAIN/Downward_Dog/Images/downward_dog23.jpg,171.54017789753664,171.46923439005187,174.51976146002835,187.30575953331083,173.0862113743822,172.18470645323313,359.1596562481897,0.8113239098124145,356.8201698801358,90.4464515837716,90.05256492058551,252.4075754378184,86.33221194446858,84.8276934882837,Downward_Dog
0,TRAIN/Downward_Dog/Images/downward_dog24.jpg,165.2489367342603,165.56793706386406,168.8404498040514,192.31878635374463,176.68905848538856,178.389699397501,358.22165962170834,1.6277666531463906,354.9920281079597,94.48307013554653,94.79795053663338,271.7714697400341,91.21389073958824,91.32537284392218,Downward_Dog
0,TRAIN/Downward_Dog/Images/downward_dog25.jpg,164.08300349180126,154.83392499949602,178.59351978558874,192.72771043566811,182.5342872816734,184.55028113766383,359.00658608272346,0.9453891044644316,1.7637468960974163,76.16208202381387,77.87586873526085,208.76764933884385,80.47369268409209,80.09091379848002,Downward_Dog
0,TRAIN/Downward_Dog/Images/downward_dog26.jpg,167.43926671121437,169.6079454105833,164.09244806947413,196.72601379107692,178.09084756700364,180.74892178282383,358.89275318635384,1.0707544917009948,6.28477998415957,84.57477363157967,82.42146452514022,343.3007557660064,79.23795801666905,77.40936031498494,Downward_Dog
0,TRAIN/Downward_Dog/Images/downward_dog27.jpg,163.82927327128343,159.73809189665113,187.3184517365729,178.21061657914018,174.47838005699327,176.57852660310292,359.1260220485422,0.890984384987334,355.45624234853284,63.17074881971379,65.21209109543094,240.94539590092285,67.40431095392096,68.89383252283139,Downward_Dog
0,TRAIN/Downward_Dog/Images/downward_dog28.jpg,180.40066325579213,174.94308619966174,170.8821372462042,190.2324995451327,175.47754585359803,177.51632980286945,358.9402424660016,0.941413947548237,5.479233765106757,79.6778279256196,78.88840606232603,334.4400348281762,73.66767867874478,74.03316909090655,Downward_Dog
0,TRAIN/Downward_Dog/Images/downward_dog29.jpg,169.51441034682497,165.28187651340076,171.3922877941103,188.19832173494228,179.9131882792897,184.62966895083892,359.8459794583277,0.1315550329553383,0.6127657222640059,76.64520155681846,73.89133963050703,350.9605171966449,74.95117728061473,75.86992376969374,Downward_Dog
0,TRAIN/Downward_Dog/Images/downward_dog3.jpg,173.94933508522902,167.80362026502698,173.80865825230808,189.31115943647,178.62149060715737,180.0,358.44749011183023,1.4604825118436455,7.0465985368464885,86.80014039350705,85.62534450119762,24.717440911083397,84.63584223766995,84.1468178950378,Downward_Dog
0,TRAIN/Downward_Dog/Images/downward_dog30.jpg,164.29136217098426,175.97004758736136,151.43885293691253,202.7459328482278,179.4549911873925,181.8114615140004,358.2619560439525,1.6545761863990296,351.1084036183842,102.3409533674847,101.57564572518264,222.13759477388828,92.8691666603722,92.49398226600586,Downward_Dog
0,TRAIN/Downward_Dog/Images/downward_dog31.png,170.54896760059933,165.14484533767623,181.2952412072806,186.2882149417407,169.062000483825,170.52792863782088,359.1546190917318,0.8584931956498293,7.642930192771311,90.14220493693878,91.2929144142616,319.0856167799749,87.65465512211486,87.39151758885077,Downward_Dog
0,TRAIN/Downward_Dog/Images/downward_dog32.jpg,172.69424046668917,160.2630985044991,172.87498365109818,195.10685508470328,187.1863280210724,186.66961984231236,358.17152288958624,1.922074217206532,17.268783581672345,84.74425942009462,87.21756385519693,33.569698418372454,86.2428923477746,87.97102633047105,Downward_Dog
0,TRAIN/Downward_Dog/Images/downward_dog33.jpg,163.46156948028727,159.05124094090024,172.3718503314193,195.50842702809425,178.78204997971048,183.7844799094879,357.4118329049875,2.25534628345735,13.95106645508533,86.56088022156503,83.40762292849305,343.68614757373945,86.39006345494171,83.23154293169978,Downward_Dog
0,TRAIN/Downward_Dog/Images/downward_dog34.jpg,171.0273733851036,169.89496363496204,163.55581420851124,195.75429485860784,181.3288344288466,182.36062898833117,357.8060359455373,2.1550612610764723,359.3839400916008,86.41514619634418,88.05750651473743,341.3784206335124,81.31662216172597,83.90569169846485,Downward_Dog
0,TRAIN/Downward_Dog/Images/downward_dog35.jpg,167.90524292298792,165.73548770192008,189.01932243138168,172.3493490446406,169.3469782637637,166.97881765132857,358.0772441805336,1.7603861500419593,1.8476102659945923,64.15926767857749,65.06785067282397,70.97439396243131,66.1213685730437,65.7249948278056,Downward_Dog
0,TRAIN/Downward_Dog/Images/downward_dog36.jpg,169.5701399709188,168.55562323730854,192.30119026595395,177.07502205084364,181.71891215696104,178.96107124645889,0.5920206223286123,359.38788889213066,354.07179659255166,65.50051657544887,69.21734114528604,206.02959219151344,74.32363080742293,72.96900673596987,Downward_Dog
0,TRAIN/Downward_Dog/Images/downward_dog37.jpg,161.89151932206946,166.23921488820875,175.39551284301848,186.5165634212748,177.91597864637998,179.0182696498194,358.92061571430145,0.9575351172165336,0.5354589855645314,75.53993972564923,74.21412336698685,288.1991650530454,76.02794792450081,73.92632770974387,Downward_Dog
0,TRAIN/Downward_Dog/Images/downward_dog38.jpg,178.53119928561418,174.29387019344975,173.15722658736905,189.5886413130331,181.22113381994225,179.91473848627874,355.8225936434359,3.863170795034912,2.202598161765806,85.83923256088146,88.41341653637089,315.0,83.51682188214843,85.09189415751986,Downward_Dog
0,TRAIN/Downward_Dog/Images/downward_dog39.jpg,173.3087355674477,165.6997225508144,177.95065987181934,190.1755108430432,180.7513769830243,180.2724026045127,359.0343432943935,0.6838046277279476,20.854458039578347,99.18883607735876,96.8090501796134,4.864514437760531,99.91957806166988,95.54559842178249,Downward_Dog
0,TRAIN/Downward_Dog/Images/downward_dog4.jpg,159.50986441718524,159.19051004812673,195.1375028985909,167.91875183019903,176.6058735832818,175.5114859881951,359.94319653594715,0.0185111713361133,5.276202086531968,82.71747177664385,83.00585668454607,319.18491612511843,92.93542870457443,91.33043547597218,Downward_Dog
0,TRAIN/Downward_Dog/Images/downward_dog40.jpg,161.43813481669972,160.5061000596132,179.71285349238477,178.8473856113706,177.5154943860692,179.01019212816254,359.6831665572857,0.2358836952712543,358.3020742264779,80.59336578713385,78.55116412816534,245.22485943116808,83.43291938833501,83.15900771319701,Downward_Dog
0,TRAIN/Downward_Dog/Images/downward_dog41.jpg,165.45395127746653,149.65438028862093,160.61238881317976,211.55776903722293,187.6741412911485,181.2236072948755,357.58502057141567,2.2164621200347896,15.9082029301567,98.56357747900296,101.81958019861868,345.1413855520753,96.21583036197154,94.47652030231193,Downward_Dog
0,TRAIN/Downward_Dog/Images/downward_dog42.jpg,181.3245219122912,172.40535663140858,186.2335840509467,177.70938995736148,179.94833565014946,181.3875157474432,359.92319605201743,0.024965479689336,8.130102354155978,68.40148275753295,66.33876768801828,340.3461759419467,70.79602649449996,69.72275920743382,Downward_Dog
0,TRAIN/Downward_Dog/Images/downward_dog43.jpg,170.40686573726964,175.6012946450045,165.81888761319718,188.3929251873925,179.10014028509562,179.59220774343424,358.1759101676239,1.7703968054540795,2.489552921999153,94.34207500080176,94.40201208896272,21.03751102542181,89.53329817454446,91.37503113819112,Downward_Dog
0,TRAIN/Downward_Dog/Images/downward_dog44.jpg,169.98538592715602,165.14138555207535,196.93875745209277,165.6611284018602,170.89377254243377,164.84891346498435,358.0960190838361,1.7493014844454255,359.436453129186,65.7609648734209,69.37165583377316,250.34617594194668,71.84302151662837,73.01789354645459,Downward_Dog
0,TRAIN/Downward_Dog/Images/downward_dog45.jpg,173.99099404250546,183.33633670221332,169.2273523517793,190.38885781546963,176.4677054161091,176.2164097489002,359.84351788382594,0.1498317178527022,354.48130588494377,85.95684899629087,85.98340236691816,266.2686030008396,80.84074284153805,78.69440384471163,Downward_Dog
0,TRAIN/Downward_Dog/Images/downward_dog46.jpg,175.36453657309735,172.7584042648849,182.89126959622052,179.53256228629073,174.57529754097703,178.0312327934762,359.5631626335729,0.4012645316771802,359.77195830061106,75.1794082265411,73.9426498308723,303.69006752597977,74.8289513434964,74.88950202358873,Downward_Dog
0,TRAIN/Downward_Dog/Images/downward_dog47.jpg,171.15670901082643,169.48395361545522,187.0428129913693,176.78660469386827,183.12372715645017,179.19161724714408,0.2554978806411557,359.63460432914235,6.376857128818596,74.45584289829326,75.28279790968365,27.34987578006987,81.01605055621006,79.04068850634344,Downward_Dog
0,TRAIN/Downward_Dog/Images/downward_dog48.jpg,166.5815683415731,170.55943843639454,182.47872923681624,182.06804519882837,174.70991879462872,174.38322054328094,359.89601503338235,0.1091346861357984,351.46144469833246,74.23733599272188,75.86183600005604,206.20011484134733,76.23921488820876,74.46173850940892,Downward_Dog
0,TRAIN/Downward_Dog/Images/downward_dog49.jpg,172.5765708311033,172.1959014080561,160.16669453824406,196.79653702469287,177.83604793812577,179.17882161370966,359.57401692335685,0.3200441892551419,13.741514691425424,70.02773436949076,64.99922146305502,66.16125981682826,61.932056922301065,58.53389371440569,Downward_Dog
0,TRAIN/Downward_Dog/Images/downward_dog5.jpg,166.2652223356736,166.04752223191505,168.3106308245608,192.58296249407692,181.4092364439369,182.74567197372448,359.71970808969337,0.212489812080576,0.3871277541509535,78.23171106797936,77.6632981242445,324.6887865603668,76.57657597334442,76.27115930980082,Downward_Dog
0,TRAIN/Downward_Dog/Images/downward_dog50.jpg,171.0273733851036,164.2416262637604,188.8462622996264,179.40958623770035,180.5771357678988,184.63546342690265,358.8318434891861,0.9076372266654243,13.251633799603567,89.06790220942128,85.94326213870512,344.9315118405078,95.2765972355712,92.36145765259664,Downward_Dog
0,TRAIN/Downward_Dog/Images/downward_dog51.jpg,162.94668523129909,172.19501206727986,160.19660005638664,192.737075360985,184.89909245378777,185.79279649503215,0.7037463471894357,359.33306151559634,0.4145787234324266,94.19118446703456,92.95336576752304,329.0362434679265,91.9114426335529,91.9997843198136,Downward_Dog
0,TRAIN/Downward_Dog/Images/downward_dog52.jpg,178.05851360908562,180.5968094512292,158.8387401831717,196.75721518503212,171.80420406158376,175.60991963056526,359.38040098910244,0.540950100918957,3.1184796541995907,85.43564717346261,81.30052932577038,0.0,72.92377742306402,71.37753838631859,Downward_Dog
0,TRAIN/Downward_Dog/Images/downward_dog53.jpg,170.00102472143172,158.1104432300953,181.10843584281628,183.73512359798943,175.8760924396844,178.31531568210372,358.66678993183586,1.19757404010443,7.853313301978219,73.70361515314666,72.31137591084973,311.67687955486457,74.39167005738766,74.91626143375773,Downward_Dog
0,TRAIN/Downward_Dog/Images/downward_dog54.jpg,165.49625827996653,170.3112134396332,160.51823482267457,196.8948435617501,182.49622336605924,186.2911671329391,357.9261286324243,1.84101620692448,359.6808067589255,82.68844517009403,81.1324828366369,334.7988763545249,78.01819064696271,78.33760306195313,Downward_Dog
0,TRAIN/Downward_Dog/Images/downward_dog55.jpg,172.86641541734824,169.63227177907487,186.99652036381693,178.20385684750428,174.84644409111948,175.36853843354518,359.86815951281494,0.1142323911073226,2.6025622024998105,72.20019193609866,72.83005208010302,283.49573328079583,74.43993506563275,73.82487800362705,Downward_Dog
0,TRAIN/Downward_Dog/Images/downward_dog56.jpg,168.06614265645524,163.50510899493776,186.95112271156145,178.27918516632715,174.58456898623547,177.17082416236974,358.6646758616065,1.1427450699063726,18.951113052686853,76.80231501332553,72.26374556006147,358.9949139947458,79.61114218453038,75.70827247749052,Downward_Dog
0,TRAIN/Downward_Dog/Images/downward_dog57.jpg,162.4075754378184,173.51622724560386,170.53767779197435,188.88262078052173,179.3902842023942,184.1512852664217,357.0699234842549,2.479662402588846,1.267908838490701,80.88213724620422,78.39493851611714,20.556045219583464,80.02049439336838,77.58604968191338,Downward_Dog
0,TRAIN/Downward_Dog/Images/downward_dog58.jpg,161.565051177078,162.14968169778317,184.9828048057527,174.59015255218503,178.39083923720275,179.31273353645406,359.7002104833888,0.2750176295403675,358.42476307431696,72.66096461233462,71.80345110299827,145.71312302279102,78.32497953775169,78.47317824366189,Downward_Dog
0,TRAIN/Downward_Dog/Images/downward_dog59.jpg,173.43083317233388,156.49723590832207,194.50861422444495,177.4019735621767,173.27989407988397,174.39040721949823,0.0275210533148161,359.9328374588691,8.379574418465612,76.89331399652977,76.36870863693271,198.434948822922,82.2158103040526,80.59595696698906,Downward_Dog
0,TRAIN/Downward_Dog/Images/downward_dog6.jpg,164.89634075184668,159.3792503703024,169.3677758787588,195.0165029419396,176.49231678798037,175.75154547063872,359.5755945806385,0.3530677771883003,3.6299263377114457,84.66522184849653,82.77460739858857,252.89727103094765,81.37360397988851,78.29989589558154,Downward_Dog
0,TRAIN/Downward_Dog/Images/downward_dog60.jpg,162.9837796442902,159.06228055824778,159.8271649929744,200.01532683595784,177.852730051037,180.91352271202544,358.27055187242405,1.5705450382881752,4.64178781337876,88.98528538378312,86.46692849257988,16.260204708311957,82.50580551787527,82.18237981229628,Downward_Dog
0,TRAIN/Downward_Dog/Images/downward_dog7.jpg,172.41085157524066,172.90847036821643,164.02572518039713,193.2246857910876,184.9972546490654,182.3608092932317,358.60659364688706,1.2324490162447357,355.1537599337504,80.94600748963971,81.50587468025924,275.9061411137705,77.33307497016288,77.70750900490626,Downward_Dog
0,TRAIN/Downward_Dog/Images/downward_dog8.jpg,169.20545793810473,166.5347919051883,175.30131948270056,187.91674180109368,178.88398960859274,178.8542371618249,358.7088546474027,1.1970510438887487,14.036243467926475,87.35745470593528,86.38212114744894,7.431407971172499,86.95798476814119,85.35202930861297,Downward_Dog
0,TRAIN/Downward_Dog/Images/downward_dog9.jpg,168.93748761455365,170.5050801587498,173.5769782980401,185.4136393800072,174.24543466889784,177.53097747548256,356.8329979514019,3.017305683062331,0.2923228692285562,82.38677823403339,82.63449910522203,352.8749836510982,79.149702107149,80.98789682466428,Downward_Dog
0,TRAIN/Triangle/Images/triangle1.jpg,187.59464336859145,188.21551922240144,87.39066964685976,123.01796126154152,177.18444331578877,180.73657368998832,280.4919546522955,89.47991982183686,193.05204229133568,58.01953040594291,153.68286596311768,324.16234704572173,3.6467236927016513,178.40402897155616,Triangle
0,TRAIN/Triangle/Images/triangle10.jpg,179.198712669893,183.16036162604567,83.23038047237605,128.05515846446644,189.6887865603668,178.2889705945216,264.85920207146603,102.18863320193188,191.50548045029103,45.09362047144049,168.40652763021637,318.1411298356361,356.8455355799663,191.3191218531737,Triangle
0,TRAIN/Triangle/Images/triangle11.jpg,168.5034369824142,186.3401917459099,105.0684881594922,92.72631099390622,181.12883479666067,174.58529792904434,296.2773945567856,73.10408685278229,173.8844964337146,41.6964210887293,131.25235502523395,328.76250606753257,5.947270383454898,168.1507928007153,Triangle
0,TRAIN/Triangle/Images/triangle12.jpg,161.8899765000995,189.13338345526944,89.29268063145571,93.84213898737175,175.22525375882566,175.7249712420192,292.21495451925466,77.95802207074159,168.5833053274682,39.3907255535542,130.82629795207808,331.5873385569274,1.6155402334393736,167.61493781538277,Triangle
0,TRAIN/Triangle/Images/triangle13.jpg,179.60003595926602,180.69869438298343,96.2882149417407,120.32195962742082,172.7666957256476,174.8283799204843,290.77344646953645,78.03450781093171,195.4207347375694,51.79991027468387,145.3617439470968,324.7962099174745,3.266707656789632,171.0422863934897,Triangle
0,TRAIN/Triangle/Images/triangle14.jpg,165.2688482495505,178.41419639471272,68.1037431241992,133.07605901544872,257.8964797556165,176.9059419410829,262.9903131642455,104.2134920270478,191.28758099683887,21.09529897946014,177.8996291511823,330.3743240446724,358.7811247648687,200.00430362767105,Triangle
0,TRAIN/Triangle/Images/triangle15.jpg,168.0104692133377,190.72685396243904,87.27368900609375,113.47825784452785,179.84668597119364,183.42733194769227,286.2814453146072,81.26719884709895,181.49978132671583,51.67230943364523,145.73344029505395,329.1419767937945,2.826660039130537,175.45936295774536,Triangle
0,TRAIN/Triangle/Images/triangle16.jpg,169.69515353123398,180.09533398775028,85.60129464500447,116.56505117707796,177.60366726586787,170.71390416287184,275.5225617519977,93.81407483429037,182.808484877346,50.52200806907096,160.58453454403698,321.7830488552012,0.0,186.06663307360512,Triangle
0,TRAIN/Triangle/Images/triangle17.jpg,182.26278980713943,194.03624346792648,96.7700284531306,115.86635679409454,173.5504652961577,174.5239167657641,285.7853242950003,83.8298249049704,188.53076560994813,56.66492036979143,150.1532337713035,323.2594379798788,2.701945836112456,174.70295189540323,Triangle
0,TRAIN/Triangle/Images/triangle18.jpg,163.51872778867076,192.982557061614,113.4023281044066,97.9530819714384,168.12088277614416,175.5394233588375,296.1354385232556,74.22244185998346,178.49075976341277,44.49647190048382,130.08446529120738,323.72743028169015,8.791608944025846,162.00507083823544,Triangle
0,TRAIN/Triangle/Images/triangle19.jpg,149.31871831739758,187.2649774758516,102.40956588440122,100.32369907956404,183.91592383142196,175.52697038349154,277.9723262729065,93.6715355591088,177.91466288032836,31.469506897677118,144.53289846277258,320.4939913434401,359.0122396003602,181.4325843617805,Triangle
0,TRAIN/Triangle/Images/triangle2.jpg,170.18648214074537,191.13332781244796,65.05992518044677,134.4428462863874,173.91326177955975,180.7191561165451,297.36077472981725,69.72611595586113,197.1442744029263,89.04316571080396,159.52484288599032,322.5299267776876,22.586234089343694,180.6160599083992,Triangle
0,TRAIN/Triangle/Images/triangle20.jpg,159.62356478616363,193.4957332807958,69.62356478616361,195.35992793892072,184.8884009481248,175.55689079480385,291.08816045880707,77.30834945567058,251.1149549592308,63.61016472782735,146.9281481555695,331.92751306414704,3.062808542762423,134.43115670201664,Triangle
0,TRAIN/Triangle/Images/triangle21.jpg,175.0114937671114,187.4314079711725,84.75165074349944,118.9509952074668,169.50500380706274,175.16273704620892,279.2329517906525,89.86510730158264,185.1021652523582,54.70517863874269,156.1357016606999,327.9326083967395,359.0451587461278,180.3875540262397,Triangle
0,TRAIN/Triangle/Images/triangle22.jpg,163.0885159687298,189.97416368525384,95.83949231151746,108.79497142439352,171.17281141067383,174.52920364672212,281.1808651944691,90.5132743275413,180.3156760317565,41.88301140087983,143.98054094311638,328.04563706294863,357.1586479912193,171.5907904242982,Triangle
0,TRAIN/Triangle/Images/triangle23.jpg,169.47921568612566,199.63168931721395,124.66344585350066,82.52686775750146,174.8978347476418,178.3118536317436,297.8495112924846,71.36598365489301,174.6202984008746,30.290353366856525,115.94989319039377,347.1896792185239,359.55314472368786,162.93098549581586,Triangle
0,TRAIN/Triangle/Images/triangle24.jpg,171.46923439005187,195.8952683725813,85.76360520094117,114.10081167517832,174.96089995313858,180.00000000000003,295.27318772727125,72.42014857334472,175.66846434402518,62.04066086434559,146.88287117170373,336.9569833695675,2.174744114610058,175.74163920084746,Triangle
0,TRAIN/Triangle/Images/triangle25.jpg,179.1815445383114,189.38234490163185,97.76516601842532,103.83389861942112,171.4985524033258,174.50140109466065,287.50700160657334,84.4955361637992,180.6576539334068,53.84181456019167,146.3019101022562,322.76516601842536,3.325900875841231,177.3307357950291,Triangle
0,TRAIN/Triangle/Images/triangle26.jpg,175.0208941560017,195.9787267752974,87.51044707800084,107.2483244575595,176.55960200083305,170.10406513566818,290.68417275105,78.89135089065849,183.72049804941307,50.826342029555775,144.44813657337784,329.0470887790809,3.497993094101457,169.52995799583906,Triangle
0,TRAIN/Triangle/Images/triangle27.jpg,160.55996517182382,199.33012253313308,84.0531369460265,104.3130325201042,160.43321494015706,197.5924245621816,289.625961883867,82.5601748437091,179.1776290200018,66.36902437271218,127.14668669802178,329.2500326978036,2.6596621916532146,165.74986130332954,Triangle
0,TRAIN/Triangle/Images/triangle28.jpg,167.6805547433634,177.79740183823418,88.94744005830592,111.92487592621288,179.00939359502212,178.71310907616143,288.11215911396226,80.78488002634661,183.20768416702,44.31685535276571,140.94068052879342,324.91018277101614,1.9483133447814167,172.53218434066295,Triangle
0,TRAIN/Triangle/Images/triangle29.jpg,162.27676338311366,185.3773816919135,94.0585308477759,97.27066784198831,174.76965648381827,177.96995760616565,298.329154278975,72.18830109893122,172.1330653860873,39.03231671922772,125.60259367265732,334.0486094608085,357.5822609355079,166.28917005766866,Triangle
0,TRAIN/Triangle/Images/triangle3.jpg,165.96375653207352,190.3888578154696,87.87890360333854,115.99054575100357,174.73487632739227,180.0,296.11599248289303,70.6440003981069,178.17203175569497,60.85736470228403,145.62892943915492,335.6589100633075,4.041806338989759,174.8836003157358,Triangle
0,TRAIN/Triangle/Images/triangle30.jpg,171.2538377374448,188.1055329819428,71.56505117707799,136.6418848275001,185.18726872537852,174.41275603579564,287.70991180352985,81.11761205280196,196.42218749831528,66.67464911902414,166.40823593839366,323.3190549219298,8.662302808727992,182.65390780166425,Triangle
0,TRAIN/Triangle/Images/triangle31.jpg,171.48931967191194,181.974934010882,84.95754893082908,115.34895729046455,180.0,178.87889496838727,298.19586962244506,69.9614618612088,178.02506598911802,55.98065001017354,142.40748530753746,331.4419155809689,0.4528638902099866,170.69767234161054,Triangle
0,TRAIN/Triangle/Images/triangle32.jpg,179.78805603633492,182.04020829108765,93.21110510557526,111.16754661459902,184.90564514310176,178.17203175569497,295.3579135729854,69.13643124369673,176.8535741657607,52.09097251481362,143.64618281595688,315.0,4.156952445727429,175.83885805588773,Triangle
0,TRAIN/Triangle/Images/triangle33.jpg,162.07967008819517,188.29241291009268,93.9719290430915,112.67134362198084,170.0958167870261,175.84278739818478,295.0807402366595,74.17645941617775,183.34122108884776,48.957320159000375,133.8426669318705,326.30993247402023,1.6865463161005498,160.8905023348172,Triangle
0,TRAIN/Triangle/Images/triangle34.jpg,177.05805134638493,189.16415203515228,91.48526206197042,110.40302258061158,188.0248760638062,175.81757830355775,270.5819611589726,101.79440356819262,178.87950132080877,46.956953223926966,162.8888559650928,324.42423927610434,1.666889008309523,190.2199081974045,Triangle
0,TRAIN/Triangle/Images/triangle35.jpg,167.47119229084848,178.90878377473737,61.67878876199119,139.56900274506074,185.3231329522994,175.91438322002512,281.593715495217,88.05172023773115,191.66780277023133,64.22382536571382,162.78826273094114,333.6246692537473,358.6896745598049,177.93618027154304,Triangle
0,TRAIN/Triangle/Images/triangle36.jpg,156.47785419799882,183.99440716962397,102.36649715321482,99.97531278256672,188.89284340475788,176.4049903389909,278.5131540350084,93.20586799380632,177.76302093656227,31.48058588587061,142.9607139946962,320.2654801851943,359.9576214725853,180.67302187561864,Triangle
0,TRAIN/Triangle/Images/triangle37.jpg,177.51981219388887,184.3987053549955,70.99401580396321,120.99609048999147,171.49173972773204,175.45140413145486,296.15836562636525,71.97004922060906,182.4440680576354,74.49746120836839,152.6943680563199,323.84181456019166,3.909479838858358,178.8172210683716,Triangle
0,TRAIN/Triangle/Images/triangle38.jpg,159.6685328738687,186.3796897263572,81.79985394050121,98.51253209634496,187.59464336859145,175.46222749209338,267.48712028947614,102.65588939448205,161.78582457410343,39.894909553407714,160.0168934781,315.74245234366055,355.0401623275346,193.2928373586428,Triangle
0,TRAIN/Triangle/Images/triangle39.jpg,172.87498365109818,189.78240703180728,94.96974072811032,98.94338081346524,167.9269829255542,179.50178838738637,286.4340585250713,84.2428355397974,171.15678391392828,49.81266630369698,139.6895443773461,323.5389338014265,1.4572279349867632,174.96501700959243,Triangle
0,TRAIN/Triangle/Images/triangle4.jpg,177.40101275098112,186.79027672165145,90.78144458689997,120.720084427977,188.4372357022852,179.82655215593203,267.0546612737256,103.13521626695947,189.04371619489208,40.04686376433537,159.0852873852609,329.72223554189907,356.40874096279447,186.11724740563704,Triangle
0,TRAIN/Triangle/Images/triangle40.jpg,171.61439976520285,187.8533133019782,85.35202930861297,111.1143473440858,177.5997855391434,176.6248324329805,291.4715978824067,76.98776678722027,174.7892319920865,55.19720557109125,146.14877173154125,331.0788485621828,2.405049129661176,174.42920863297203,Triangle
0,TRAIN/Triangle/Images/triangle41.jpg,157.2563862605531,199.4255552278999,98.77273729752945,96.49934627965456,169.64158105548265,175.63522328130526,300.75574009359536,68.90088308669274,170.96756002782055,53.17915694791753,135.30803885739988,333.6215793664876,10.4914770123316,168.13226810243393,Triangle
0,TRAIN/Triangle/Images/triangle42.jpg,169.69515353123398,188.09653716788844,54.79038472313878,129.3435680464276,171.2538377374448,174.3120087467375,296.22447670924805,71.3461989965449,179.951361828735,88.3397176310172,160.61609384372716,324.5390918532587,9.950626687951598,179.89492808493614,Triangle
0,TRAIN/Triangle/Images/triangle43.jpg,146.43368126542669,191.4166946725318,90.56308535519533,93.6487035997007,180.96017456666635,179.43123199068984,295.3162639750728,76.3906078300125,167.4466334498694,40.03820928980913,128.31557339658485,330.01836063115064,3.645907456053808,166.0975780323127,Triangle
0,TRAIN/Triangle/Images/triangle44.jpg,173.31798342774215,186.2335840509467,99.59636957594938,124.60398051053158,183.9909130984298,185.71059313749967,277.0272617015094,93.0364842229964,194.62087398863164,37.69424046668917,143.67317404787977,332.7981025509856,358.04007274087365,169.3995099629911,Triangle
0,TRAIN/Triangle/Images/triangle45.jpg,177.60694201639308,175.6012946450045,99.21990941059536,125.52117555178748,182.1163975820267,167.34744349944202,271.0303272904717,98.3181017280512,195.1830032225581,47.07484537384262,166.122470196792,320.7641444292374,3.89326338283001,185.80414898149937,Triangle
0,TRAIN/Triangle/Images/triangle46.png,167.7352262721076,194.0966820314938,66.7316854203581,125.96892820355936,180.37084129082805,173.65388130888385,289.2561272092124,81.6103815465747,184.8051603642656,59.81761568603986,154.01703395811242,333.2955433084422,358.19811660339764,172.5253866231131,Triangle
0,TRAIN/Triangle/Images/triangle47.jpg,172.8444584651141,190.88552705465872,100.5251078710283,102.86396743820802,170.78291737161803,176.85190390043726,289.96432717825485,77.1920055369731,175.88064776789432,51.03725250851771,142.8040985919439,320.25574057990536,3.080415911625308,175.8739528570317,Triangle
0,TRAIN/Triangle/Images/triangle48.jpg,165.94110102534083,196.260204708312,68.78474554131024,130.06078445787378,176.7819387162058,174.99303115021152,282.5931634649106,85.78689212987122,184.927109947649,70.26483616196114,165.76747585847667,330.1584985931056,6.227572689818526,182.60596133512,Triangle
0,TRAIN/Triangle/Images/triangle49.jpg,171.5004169757301,178.2531581229403,62.12364965335511,132.11137845015702,171.62574097240096,176.9342630034466,298.24336982774906,68.82868513823728,186.24594861208,78.49518467374118,152.44215497169952,319.20315737872465,5.156285410476283,173.6431491912399,Triangle
0,TRAIN/Triangle/Images/triangle5.jpg,179.48383577023515,177.51044707800085,90.29533645394706,122.83280180623876,169.3028907373592,181.50743575877496,293.9019377630792,75.63064528815217,190.15635718381333,64.2484244967349,146.90830006131756,327.3390872783262,8.841814560191676,175.99519843354236,Triangle
0,TRAIN/Triangle/Images/triangle50.jpg,156.09794958898917,191.3099324740202,71.51854487275152,123.0706778227617,177.60366726586787,172.0818416095091,273.59204799257066,93.96465472285612,177.79740183823418,54.73895089823954,165.58112490076252,316.2492426786972,359.14490260373327,185.25955495452715,Triangle
0,TRAIN/Triangle/Images/triangle51.jpg,182.20259816176585,183.1221304621157,82.50414236027015,127.63323074183008,179.60594995767286,174.32164077162457,301.356752882544,66.72739421834848,188.2493441789063,63.3813846943886,143.36093855833042,330.9925335122649,3.8959378255639288,164.12539099995985,Triangle
0,TRAIN/Triangle/Images/triangle52.jpg,180.0,187.69605172201656,116.28826212490024,95.81897090139456,191.40798562332765,171.78868468887484,295.5732022571882,73.30075576600638,176.74805439963612,40.15947420220512,139.10404070586804,322.33111538628594,9.276461248381896,172.65112015328168,Triangle
0,TRAIN/Triangle/Images/triangle53.jpg,173.38653951768526,180.0,107.34112889497266,110.04524942542102,173.78077031120884,165.96375653207352,305.2043549891459,63.80380067696223,189.66122873780083,50.138305502130464,130.6012946450045,320.1944289077348,10.680333865609944,156.04020482543928,Triangle
0,TRAIN/Triangle/Images/triangle54.jpg,177.70938995736148,184.63546342690265,98.01423642612748,102.97021484300302,169.14358665193777,182.8803775528476,84.7058162617078,269.55367044261084,172.87498365109818,134.33269164416492,71.67717584708282,317.1395076362312,87.59286385307107,112.14194809445333,Triangle
0,TRAIN/Triangle/Images/triangle55.jpg,172.31601817026603,195.56151032532847,81.79985394050121,112.1730427748324,171.57766605936726,171.0866507001338,286.28932743816,81.30882256559158,179.27842883658442,57.96378775022498,153.71892369134616,328.14486761755074,3.301865674435005,177.12497321978455,Triangle
0,TRAIN/Triangle/Images/triangle56.jpg,172.6725880978088,175.42607874009914,113.9400920640181,111.46071238384488,180.8171087621798,173.402334900865,295.8578749181106,69.0653538183022,189.18457057856148,43.58198104485136,138.89217433202754,325.1755108430432,9.699631871521223,167.92898344696184,Triangle
0,TRAIN/Triangle/Images/triangle57.jpg,171.86989764584402,190.9141130058108,108.434948822922,92.95311685348724,187.1555415348859,170.1496168000186,302.23979107081686,66.00836166111014,171.65025444106894,32.9052429229879,123.97017176973416,330.4649924146253,1.6891982846019231,158.59585975807315,Triangle
0,TRAIN/Triangle/Images/triangle58.jpg,178.2438399390692,182.03733069681988,61.07357416474639,126.09173456816951,173.2021174997137,180.3877827726656,283.4526932417048,86.73161387721582,181.94619511703075,74.29136217098426,163.20281975833774,332.97613356925274,1.8476102659945923,188.7108065750396,Triangle
0,TRAIN/Triangle/Images/triangle59.jpg,142.54177774462602,190.0339701736723,74.99683096042924,107.6521860350184,175.0114937671114,176.27935704948476,273.9113320541479,97.98011374516852,170.55903821580634,48.89337978916378,156.96146354407523,322.6185464875689,358.60281897270363,186.21394808216056,Triangle
0,TRAIN/Triangle/Images/triangle6.jpg,155.04302365510463,184.58854219215465,83.96577305612391,110.30785091470352,188.9726266148964,175.97173633351488,274.61120611272406,95.19442890773482,173.5284391896363,39.02889771280276,153.29508959009684,327.520002456491,0.6585431775635989,181.54591247857425,Triangle
0,TRAIN/Triangle/Images/triangle60.jpg,166.50426671920417,189.26452398513297,88.66778014613037,119.4529839267056,173.07278187399083,185.689265842928,290.399752205412,79.33788748433227,184.64797069138703,55.30484646876603,141.9747467584197,338.50613780535906,3.3142046974144663,170.99637037675916,Triangle
0,TRAIN/Triangle/Images/triangle7.jpg,163.3007557660064,187.366203893226,80.78897345918334,112.91130822503442,185.2051244049996,163.88658176691072,276.1555010366017,92.33730585912384,181.0496605778065,51.608464338316864,160.51387042753424,323.4240402386016,2.7927023657132826,183.32096245772988,Triangle
0,TRAIN/Triangle/Images/triangle8.jpg,184.56900274506077,194.51426629366844,80.57300920343424,106.38221538143944,173.6598082540901,173.94580810588516,286.4995539629016,84.48258249509371,174.09786054703545,68.19859051364818,159.22631788380033,335.045249425421,6.717874775048766,187.822339264822,Triangle
0,TRAIN/Triangle/Images/triangle9.jpg,171.86989764584402,193.3200835224561,62.57985142665528,120.81350570643926,181.15151889396375,177.83892051177364,295.41201150991765,74.03437253935547,177.8001285207388,71.88468958778019,153.5221569435727,323.59591143692097,3.0664855011258934,176.59880583267542,Triangle
